{"images": [{"id": 0, "file_name": "IMG_0525.jpg"}, {"id": 1, "file_name": "IMG_0562.jpg"}, {"id": 2, "file_name": "IMG_0519.jpg"}, {"id": 3, "file_name": "IMG_0515.jpg"}, {"id": 4, "file_name": "IMG_0556.jpg"}, {"id": 5, "file_name": "IMG_0568.jpg"}, {"id": 6, "file_name": "IMG_0527.jpg"}, {"id": 7, "file_name": "IMG_0524.jpg"}, {"id": 8, "file_name": "IMG_0547.jpg"}, {"id": 9, "file_name": "IMG_0540.jpg"}, {"id": 10, "file_name": "IMG_0522.jpg"}, {"id": 11, "file_name": "IMG_0523.jpg"}, {"id": 12, "file_name": "IMG_0520.jpg"}, {"id": 13, "file_name": "IMG_0549.jpg"}, {"id": 14, "file_name": "IMG_0558.jpg"}, {"id": 15, "file_name": "IMG_0509.jpg"}, {"id": 16, "file_name": "IMG_0535.jpg"}, {"id": 17, "file_name": "IMG_0536.jpg"}, {"id": 18, "file_name": "IMG_0517.jpg"}, {"id": 19, "file_name": "IMG_0529.jpg"}, {"id": 20, "file_name": "IMG_0513.jpg"}, {"id": 21, "file_name": "IMG_0537.jpg"}, {"id": 22, "file_name": "IMG_0559.jpg"}, {"id": 23, "file_name": "IMG_0533.jpg"}, {"id": 24, "file_name": "IMG_0511.jpg"}, {"id": 25, "file_name": "IMG_0561.jpg"}, {"id": 26, "file_name": "IMG_0534.jpg"}, {"id": 27, "file_name": "IMG_0510.jpg"}, {"id": 28, "file_name": "IMG_0560.jpg"}, {"id": 29, "file_name": "IMG_0557.jpg"}, {"id": 30, "file_name": "IMG_0564.jpg"}, {"id": 31, "file_name": "IMG_0554.jpg"}, {"id": 32, "file_name": "IMG_0552.jpg"}, {"id": 33, "file_name": "IMG_0542.jpg"}, {"id": 34, "file_name": "IMG_0543.jpg"}, {"id": 35, "file_name": "IMG_0530.jpg"}, {"id": 36, "file_name": "IMG_0538.jpg"}, {"id": 37, "file_name": "IMG_0567.jpg"}, {"id": 38, "file_name": "IMG_0516.jpg"}, {"id": 39, "file_name": "IMG_0566.jpg"}, {"id": 40, "file_name": "IMG_0528.jpg"}, {"id": 41, "file_name": "IMG_0518.jpg"}, {"id": 42, "file_name": "IMG_0550.jpg"}, {"id": 43, "file_name": "IMG_0551.jpg"}, {"id": 44, "file_name": "IMG_0565.jpg"}, {"id": 45, "file_name": "IMG_0544.jpg"}, {"id": 46, "file_name": "IMG_0541.jpg"}, {"id": 47, "file_name": "IMG_0563.jpg"}, {"id": 48, "file_name": "IMG_0569.jpg"}, {"id": 49, "file_name": "IMG_0526.jpg"}, {"id": 50, "file_name": "IMG_0531.jpg"}, {"id": 51, "file_name": "IMG_0512.jpg"}, {"id": 52, "file_name": "IMG_0553.jpg"}, {"id": 53, "file_name": "IMG_0571.jpg"}, {"id": 54, "file_name": "IMG_0548.jpg"}, {"id": 55, "file_name": "IMG_0532.jpg"}, {"id": 56, "file_name": "IMG_0521.jpg"}, {"id": 57, "file_name": "IMG_0546.jpg"}, {"id": 58, "file_name": "IMG_0545.jpg"}, {"id": 59, "file_name": "IMG_0539.jpg"}, {"id": 60, "file_name": "IMG_0514.jpg"}, {"id": 61, "file_name": "IMG_0555.jpg"}], "annotations": [{"image_id": 0, "bbox": [349, 61, 264, 351], "category_id": 2}, {"image_id": 1, "bbox": [302, 48, 279, 368], "category_id": 2}, {"image_id": 2, "bbox": [215, 22, 351, 372], "category_id": 2}, {"image_id": 3, "bbox": [318, 122, 216, 309], "category_id": 1}, {"image_id": 4, "bbox": [277, 116, 283, 332], "category_id": 1}, {"image_id": 4, "bbox": [272, 1, 109, 137], "category_id": 2}, {"image_id": 5, "bbox": [290, 196, 147, 190], "category_id": 1}, {"image_id": 6, "bbox": [298, 230, 222, 233], "category_id": 2}, {"image_id": 7, "bbox": [316, 100, 214, 263], "category_id": 2}, {"image_id": 8, "bbox": [5, 101, 227, 256], "category_id": 1}, {"image_id": 8, "bbox": [364, 42, 242, 314], "category_id": 2}, {"image_id": 9, "bbox": [291, 268, 99, 160], "category_id": 1}, {"image_id": 10, "bbox": [258, 85, 332, 429], "category_id": 2}, {"image_id": 11, "bbox": [308, 184, 261, 311], "category_id": 2}, {"image_id": 11, "bbox": [143, 67, 104, 140], "category_id": 1}, {"image_id": 12, "bbox": [222, 19, 332, 454], "category_id": 2}, {"image_id": 13, "bbox": [279, 39, 266, 349], "category_id": 2}, {"image_id": 14, "bbox": [403, 99, 346, 362], "category_id": 1}, {"image_id": 15, "bbox": [10, 131, 278, 270], "category_id": 1}, {"image_id": 15, "bbox": [526, 82, 196, 242], "category_id": 2}, {"image_id": 16, "bbox": [291, 75, 226, 364], "category_id": 2}, {"image_id": 17, "bbox": [216, 180, 315, 331], "category_id": 2}, {"image_id": 18, "bbox": [307, 173, 219, 225], "category_id": 1}, {"image_id": 19, "bbox": [318, 182, 175, 272], "category_id": 2}, {"image_id": 20, "bbox": [230, 76, 309, 333], "category_id": 1}, {"image_id": 21, "bbox": [90, 110, 130, 208], "category_id": 2}, {"image_id": 21, "bbox": [490, 229, 218, 226], "category_id": 1}, {"image_id": 22, "bbox": [359, 150, 278, 286], "category_id": 1}, {"image_id": 22, "bbox": [61, 1, 152, 69], "category_id": 2}, {"image_id": 23, "bbox": [345, 137, 187, 318], "category_id": 2}, {"image_id": 24, "bbox": [198, 83, 218, 297], "category_id": 1}, {"image_id": 25, "bbox": [200, 65, 269, 358], "category_id": 2}, {"image_id": 26, "bbox": [235, 3, 231, 410], "category_id": 2}, {"image_id": 27, "bbox": [251, 161, 300, 304], "category_id": 1}, {"image_id": 28, "bbox": [313, 114, 321, 349], "category_id": 1}, {"image_id": 28, "bbox": [315, 23, 139, 119], "category_id": 2}, {"image_id": 29, "bbox": [302, 190, 232, 335], "category_id": 1}, {"image_id": 30, "bbox": [294, 128, 274, 308], "category_id": 2}, {"image_id": 31, "bbox": [330, 110, 321, 385], "category_id": 2}, {"image_id": 32, "bbox": [222, 178, 208, 249], "category_id": 2}, {"image_id": 32, "bbox": [52, 180, 100, 60], "category_id": 1}, {"image_id": 33, "bbox": [341, 158, 125, 199], "category_id": 1}, {"image_id": 34, "bbox": [346, 243, 182, 194], "category_id": 1}, {"image_id": 35, "bbox": [217, 112, 299, 317], "category_id": 2}, {"image_id": 36, "bbox": [299, 116, 263, 299], "category_id": 1}, {"image_id": 37, "bbox": [271, 148, 180, 181], "category_id": 1}, {"image_id": 37, "bbox": [674, 1, 126, 170], "category_id": 2}, {"image_id": 38, "bbox": [243, 151, 232, 257], "category_id": 1}, {"image_id": 39, "bbox": [417, 1, 350, 392], "category_id": 1}, {"image_id": 40, "bbox": [339, 242, 233, 202], "category_id": 2}, {"image_id": 41, "bbox": [287, 71, 183, 258], "category_id": 1}, {"image_id": 42, "bbox": [187, 50, 302, 367], "category_id": 2}, {"image_id": 43, "bbox": [137, 152, 298, 351], "category_id": 2}, {"image_id": 43, "bbox": [54, 1, 119, 75], "category_id": 1}, {"image_id": 44, "bbox": [166, 32, 412, 408], "category_id": 1}, {"image_id": 45, "bbox": [238, 217, 119, 159], "category_id": 1}, {"image_id": 46, "bbox": [309, 194, 147, 175], "category_id": 1}, {"image_id": 47, "bbox": [285, 136, 283, 355], "category_id": 2}, {"image_id": 47, "bbox": [498, 1, 104, 104], "category_id": 1}, {"image_id": 48, "bbox": [308, 81, 179, 273], "category_id": 1}, {"image_id": 49, "bbox": [198, 105, 218, 275], "category_id": 2}, {"image_id": 50, "bbox": [199, 99, 281, 311], "category_id": 2}, {"image_id": 51, "bbox": [401, 173, 201, 281], "category_id": 1}, {"image_id": 52, "bbox": [132, 184, 265, 311], "category_id": 2}, {"image_id": 53, "bbox": [304, 91, 251, 271], "category_id": 1}, {"image_id": 54, "bbox": [246, 76, 134, 213], "category_id": 1}, {"image_id": 54, "bbox": [428, 114, 211, 348], "category_id": 2}, {"image_id": 55, "bbox": [271, 125, 250, 263], "category_id": 2}, {"image_id": 56, "bbox": [255, 17, 367, 449], "category_id": 2}, {"image_id": 57, "bbox": [88, 105, 266, 272], "category_id": 1}, {"image_id": 57, "bbox": [430, 31, 224, 264], "category_id": 2}, {"image_id": 58, "bbox": [262, 146, 164, 242], "category_id": 1}, {"image_id": 59, "bbox": [230, 96, 226, 286], "category_id": 1}, {"image_id": 60, "bbox": [330, 149, 210, 287], "category_id": 1}, {"image_id": 61, "bbox": [235, 99, 304, 368], "category_id": 1}], "categories": [{"id": 0, "name": "background"}, {"id": 1, "name": "android"}, {"id": 2, "name": "pig_android"}]}